-- phpMyAdmin SQL Dump
-- version 4.7.1
-- https://www.phpmyadmin.net/
--
-- Host: sql2.freemysqlhosting.net
-- Generation Time: Mar 13, 2019 at 06:08 PM
-- Server version: 5.5.54-0ubuntu0.12.04.1
-- PHP Version: 7.0.33-0ubuntu0.16.04.2

SET SQL_MODE = "NO_AUTO_VALUE_ON_ZERO";
SET AUTOCOMMIT = 0;
START TRANSACTION;
SET time_zone = "+00:00";


/*!40101 SET @OLD_CHARACTER_SET_CLIENT=@@CHARACTER_SET_CLIENT */;
/*!40101 SET @OLD_CHARACTER_SET_RESULTS=@@CHARACTER_SET_RESULTS */;
/*!40101 SET @OLD_COLLATION_CONNECTION=@@COLLATION_CONNECTION */;
/*!40101 SET NAMES utf8mb4 */;

--
-- Database: `sql2281154`
--
CREATE DATABASE IF NOT EXISTS `sql2281154` DEFAULT CHARACTER SET latin1 COLLATE latin1_swedish_ci;
USE `sql2281154`;

-- --------------------------------------------------------

--
-- Table structure for table `Clinician`
--

CREATE TABLE `Clinician` (
  `HCPid` char(7) NOT NULL,
  `Password` char(64) NOT NULL,
  `Salt` char(3) NOT NULL
) ENGINE=InnoDB DEFAULT CHARSET=latin1;

--
-- Dumping data for table `Clinician`
--

INSERT INTO `Clinician` (`HCPid`, `Password`, `Salt`) VALUES
('HCP2001', '8BF80AF0FD49A11E327EE9634992A022A2BEB3788EE432738539F0967D7D8336', '405'),
('HCP2002', 'AAFA489B895F5AD347CCDDB4C3B45C28E489D7D716E779D6777DCD5C6B9010D6', '303'),
('HCP2003', '519BFAA8F3F3355CB1407D010035AD9E109F93B1D1241E812EB1C041F560F6BC', '914'),
('HCP2004', 'A1583C38BA15588ABABF5F5EDC0186A03388BC0DCC74B8D95D7D11A75799267C', '012'),
('HCP2005', '0CD4BAD19FFA8CBE5F9F53FF16242B3F2F0E8F1ED850A02956BAC0426797A508', '850'),
('HCP2006', '6094E7002C9B890B8E96E05EEAC67E8AECD8ABDF56BE28C3410ECE560359D3EB', '741'),
('HCP2007', 'AD27DA0ED654A6F7DD3C0BB8B08FD60D52388514DE4D982C52546D1E40390E02', '485'),
('HCP2008', 'A8DC8DE0942313E19A9832CAEA2373BCA6062F2BFAE34F11D6DBF02C2D437AE8', '208'),
('HCP2009', '80E57150FF97E8A472763C2ABA2CDFEA48DB9385FEB49243BA7403AC16403837', '462'),
('HCP2010', 'A223D5455189D4F4891E0D32B4DFA876518AA66A170E62AB0B8CAF37D27DF27A', '333'),
('HCP2011', '888B036EB072FEA6FE7ABEF8134A6EB1FC46DC5AC9C6F834DDB59941930EF133', '852'),
('HCP2012', '3562D3050EA3C82176C81FFAA579CEA6AE6FBECC9E10DBE4B4537A6EBCDEF82F', '681'),
('HCP2013', '865DE2865765EF0142A4422EEE30343D5CC557EDCA0DBFB69D0704C7CE8689B2', '951'),
('HCP2014', 'D11C5D64C87A4465EDD01EECB122EFDA000449EB4BED8B0ED671AB81235C0EBB', '439'),
('HCP2015', '2FCF7C6C108BC04100E82B1F7E1314FBA547524B1E04012AC7F8C8287AD0B144', '832'),
('HCP2016', '6BDD7F1C7823F221D5252703CD3F0B6E68BDF50CBC77DCB41841DEE5AD23725D', '033'),
('HCP2017', '4FC64DEA92C8543B1224878F4E35567D029FFA8C3D67FD6E1AA4C8DA177D8F03', '576'),
('HCP2018', '64FF14EBFF6FCE34277DAFE848B0C1705DDC5D3257E558E304E7DCAC42ACEBBA', '612'),
('HCP2019', 'CB24E7D4A393292001494B604910CC435159D9896ED836C788E8C3236F716B85', '438'),
('HCP2020', '853915418C60E639EED334B69A050E0489D6D7344915590F441A401B147BD43E', '284');

-- --------------------------------------------------------

--
-- Table structure for table `MedicalRecords`
--

CREATE TABLE `MedicalRecords` (
  `NHSNumber` char(11) NOT NULL,
  `FirstName` text NOT NULL,
  `LastName` text NOT NULL,
  `Address1` text NOT NULL,
  `Address2` text NOT NULL,
  `Postcode` varchar(9) NOT NULL,
  `PhoneNumber` char(11) NOT NULL,
  `Email` text NOT NULL,
  `DOB` date NOT NULL,
  `Sex` text NOT NULL,
  `Ethnicity` text NOT NULL
) ENGINE=InnoDB DEFAULT CHARSET=latin1;

--
-- Dumping data for table `MedicalRecords`
--

INSERT INTO `MedicalRecords` (`NHSNumber`, `FirstName`, `LastName`, `Address1`, `Address2`, `Postcode`, `PhoneNumber`, `Email`, `DOB`, `Sex`, `Ethnicity`) VALUES
('12345678910', 'Rafe', 'Harris', '11 Town End House, High Street', 'Kingston', 'KT1 1NA', '07494882536', 'k1423138@kingston.ac.uk', '1996-05-08', 'Male', 'White'),
('2000000001', 'Please update', 'Please update', 'Please update', 'Please update', 'SW1 1AA', '07000123456', 'Please update', '1996-03-05', 'Female', 'Black'),
('2000000002', 'Please update', 'Please update', 'Please update', 'Please update', 'SW1 1AA', '07000123456', 'Please update', '1974-03-05', 'Male', 'Other'),
('2000000003', 'Please update', 'Please update', 'Please update', 'Please update', 'SW1 1AA', '07000123456', 'Please update', '2016-03-05', 'Female', 'Black'),
('2000000004', 'Please update', 'Please update', 'Please update', 'Please update', 'SW1 1AA', '07000123456', 'Please update', '1964-03-05', 'Male', 'Other'),
('2000000005', 'Please update', 'Please update', 'Please update', 'Please update', 'SW1 1AA', '07000123456', 'Please update', '1963-03-05', 'Female', 'Other'),
('2000000006', 'Please update', 'Please update', 'Please update', 'Please update', 'SW1 1AA', '07000123456', 'Please update', '1943-03-05', 'Female', 'Other'),
('2000000007', 'Please update', 'Please update', 'Please update', 'Please update', 'SW1 1AA', '07000123456', 'Please update', '1932-03-05', 'Female', 'Black'),
('2000000008', 'Please update', 'Please update', 'Please update', 'Please update', 'SW1 1AA', '07000123456', 'Please update', '1963-03-05', 'Female', 'Other'),
('2000000009', 'Please update', 'Please update', 'Please update', 'Please update', 'SW1 1AA', '07000123456', 'Please update', '1974-03-05', 'Male', 'Other'),
('2000000010', 'Please update', 'Please update', 'Please update', 'Please update', 'SW1 1AA', '07000123456', 'Please update', '1954-03-05', 'Male', 'Black'),
('2000000011', 'Please update', 'Please update', 'Please update', 'Please update', 'SW1 1AA', '07000123456', 'Please update', '1985-03-05', 'Female', 'Other'),
('2000000012', 'Please update', 'Please update', 'Please update', 'Please update', 'SW1 1AA', '07000123456', 'Please update', '1920-03-05', 'Male', 'Other'),
('2000000013', 'Please update', 'Please update', 'Please update', 'Please update', 'SW1 1AA', '07000123456', 'Please update', '1929-03-05', 'Female', 'Black'),
('2000000014', 'Please update', 'Please update', 'Please update', 'Please update', 'SW1 1AA', '07000123456', 'Please update', '1985-03-05', 'Male', 'Other'),
('2000000015', 'Please update', 'Please update', 'Please update', 'Please update', 'SW1 1AA', '07000123456', 'Please update', '1974-03-05', 'Female', 'Black'),
('2000000016', 'Please update', 'Please update', 'Please update', 'Please update', 'SW1 1AA', '07000123456', 'Please update', '1954-03-05', 'Female', 'Other'),
('2000000017', 'Please update', 'Please update', 'Please update', 'Please update', 'SW1 1AA', '07000123456', 'Please update', '1974-03-05', 'Male', 'Other'),
('2000000018', 'Please update', 'Please update', 'Please update', 'Please update', 'SW1 1AA', '07000123456', 'Please update', '1952-03-05', 'Male', 'Black'),
('2000000019', 'Please update', 'Please update', 'Please update', 'Please update', 'SW1 1AA', '07000123456', 'Please update', '1942-03-05', 'Female', 'Other'),
('2000000020', 'Please update', 'Please update', 'Please update', 'Please update', 'SW1 1AA', '07000123456', 'Please update', '1964-03-05', 'Male', 'Black'),
('3001211102', 'Please update', 'Please update', 'Please update', 'Please update', 'SW1 1AA', '07000123456', 'Please update', '1986-03-05', 'Male', 'Other');

-- --------------------------------------------------------

--
-- Table structure for table `Patient`
--

CREATE TABLE `Patient` (
  `NHSNumber` char(12) NOT NULL,
  `Password` char(64) NOT NULL,
  `Salt` char(3) NOT NULL
) ENGINE=InnoDB DEFAULT CHARSET=latin1;

--
-- Dumping data for table `Patient`
--

INSERT INTO `Patient` (`NHSNumber`, `Password`, `Salt`) VALUES
('122345678910', 'F847209E96D017CAC40A2CBCE72B1125BC4A0A862A327CE92F757C68DF15BE3C', '649'),
('12345678910', 'BCEDEE06501D6915313148E48C86CF99537598AADF4B7FC67F364C410CC852BA', '82'),
('2000000001', '19BC9CBFB4144F55237D8973BA38C5EC13CCBCC0E16718B17734FDF164DA39E9', '994'),
('2000000002', '595F411E6F46740AD9E173091A45F1F7C0F42DFAE81F6349125E901E7A9D268F', '625'),
('2000000003', '3D93505086CED35361A55F8AA995D09ADE46FB1545FF0B8B99E1D12F0B0E78DF', '478'),
('2000000004', 'FE380FED5B8BE090A201CE3E63E968DB9838A0A75052330584B6010BBB856574', '857'),
('2000000005', 'E93025B8FFD3068E60A3E6684821DE52746043A7891F235C92771DEAE60E2729', '349'),
('2000000006', '0B1E7CF51A72531C3CFAB8D5587440E65A0FFA4F89256A299C66B5386B4A11A7', '570'),
('2000000007', '6D0A5FFC7DA2F1C7CECAFD4B794DECBAFAFEDB247E4D06E9F25A58CC32D4883F', '633'),
('2000000008', '7EE263BCC026C4DD5A7242AF274D3B1D427A17590943F08CE75C8F1B4BEA151E', '513'),
('2000000009', '1384618A291487BEE74B20651E46827A1AB0911351DD1280573541C2F1713D77', '145'),
('2000000010', 'EF240F435F507FCFCE47B7FD13DE3EADE886E2A1EDDCAC6E287EF4A9BC5DD313', '689'),
('2000000011', '26AFC7D5604DDFCB68389C5E1826CC7305FD6D7215262BEED7A5ACAE2AF36DB4', '436'),
('2000000012', 'C21D6B5BA55FE5085AEDD712C293CA0B2B569F277D452154C8A8E9D11229ABBD', '287'),
('2000000013', 'F700020593DC8522CB11DC4AE8D091158CD4A7FE8BFDBBC11327AA5DF0599792', '889'),
('2000000014', '49047B41D69ACD8EFAC1B93B6587EB6A67504F75E3D33720C6A308A41D7BBC51', '504'),
('2000000015', 'C1D55980A3BC92D9D508F539C512E314B6D60F32FE13EC3736243BA5C328D781', '987'),
('2000000016', 'A5359ACC1D5E419E8751EDFA9EAB3FC0C4DF2C4BB385410B79E2883E676D8605', '661'),
('2000000017', 'B7AC9D33CEE1F00A115677EEFFDBFE79E8C84816276D219314F335471F2030ED', '265'),
('2000000018', '6AC81CEB16AC0BE431508CA5A611EADEA6A87DF847AD92B6E46A6CB1BDA6D1CA', '697'),
('2000000019', '40EE7BB67BCA1D9F92E5695E410AF7902F279647ED56FA0C11C7F1EE98F572E6', '22'),
('2000000020', '285A92600CB27AA13C26CB7B89C9442B4EB064B983A0372A6635DD3A07647918', '553'),
('3001211102', '2A81640A32F6D865BD41ACBF652EE339D568016DE28F5988A70BE00F9BAA90E9', '544');

-- --------------------------------------------------------

--
-- Table structure for table `Results`
--

CREATE TABLE `Results` (
  `resultID` int(11) NOT NULL,
  `NHSNumber` char(12) NOT NULL,
  `Result` int(11) NOT NULL,
  `Date` date NOT NULL
) ENGINE=InnoDB DEFAULT CHARSET=latin1;

--
-- Dumping data for table `Results`
--

INSERT INTO `Results` (`resultID`, `NHSNumber`, `Result`, `Date`) VALUES
(2, '12345678910', 86, '2019-03-03'),
(11, '12345678910', 53, '2019-03-04'),
(26, '12345678910', 53, '2019-03-05'),
(27, '12345678910', 38, '2019-03-06'),
(520, '12345678910', 86, '2019-03-07'),
(521, '2000000001', 126, '2019-03-07'),
(522, '2000000002', 126, '2019-03-07'),
(523, '2000000003', 126, '2019-03-07'),
(524, '2000000004', 126, '2019-03-07'),
(525, '2000000005', 126, '2019-03-07'),
(526, '2000000006', 126, '2019-03-07'),
(527, '2000000007', 126, '2019-03-07'),
(528, '2000000008', 126, '2019-03-07'),
(529, '2000000009', 126, '2019-03-07'),
(530, '2000000010', 126, '2019-03-07'),
(531, '2000000011', 126, '2019-03-07'),
(532, '2000000012', 126, '2019-03-07'),
(533, '2000000013', 126, '2019-03-07'),
(534, '2000000014', 126, '2019-03-07'),
(535, '2000000015', 126, '2019-03-07'),
(536, '2000000016', 126, '2019-03-07'),
(537, '2000000017', 126, '2019-03-07'),
(538, '2000000018', 126, '2019-03-07'),
(539, '2000000019', 126, '2019-03-07'),
(540, '2000000020', 126, '2019-03-07'),
(541, '3001211102', 126, '2019-03-07'),
(542, '3001211102', 126, '2019-03-07'),
(543, '3001211102', 126, '2019-03-07'),
(544, '3001211102', 126, '2019-03-07'),
(545, '3001211102', 126, '2019-03-07'),
(546, '3001211102', 126, '2019-03-07'),
(547, '3001211102', 126, '2019-03-07'),
(548, '3001211102', 126, '2019-03-07'),
(549, '3001211102', 126, '2019-03-07'),
(550, '3001211102', 126, '2019-03-07'),
(551, '3001211102', 126, '2019-03-07'),
(552, '3001211102', 126, '2019-03-07'),
(553, '3001211102', 126, '2019-03-07'),
(554, '3001211102', 126, '2019-03-07'),
(555, '3001211102', 126, '2019-03-07'),
(556, '3001211102', 126, '2019-03-07'),
(557, '3001211102', 126, '2019-03-07'),
(558, '3001211102', 126, '2019-03-07'),
(559, '3001211102', 126, '2019-03-07'),
(560, '3001211102', 126, '2019-03-07'),
(561, '3001211102', 126, '2019-03-07'),
(562, '3001211102', 126, '2019-03-07'),
(563, '3001211102', 126, '2019-03-07'),
(564, '3001211102', 126, '2019-03-07'),
(565, '3001211102', 126, '2019-03-07'),
(566, '2000000001', 126, '2019-03-07'),
(567, '2000000002', 126, '2019-03-07'),
(568, '2000000003', 126, '2019-03-07'),
(569, '2000000004', 126, '2019-03-07'),
(570, '2000000005', 126, '2019-03-07'),
(571, '2000000006', 126, '2019-03-07'),
(572, '2000000007', 126, '2019-03-07'),
(573, '2000000008', 126, '2019-03-07'),
(574, '2000000009', 126, '2019-03-07'),
(575, '2000000010', 126, '2019-03-07'),
(576, '2000000011', 126, '2019-03-07'),
(577, '2000000012', 126, '2019-03-07'),
(578, '2000000013', 126, '2019-03-07'),
(579, '2000000014', 126, '2019-03-07'),
(580, '2000000015', 126, '2019-03-07'),
(581, '2000000016', 126, '2019-03-07'),
(582, '2000000017', 126, '2019-03-07'),
(583, '2000000018', 126, '2019-03-07'),
(584, '2000000019', 126, '2019-03-07'),
(585, '2000000020', 126, '2019-03-07'),
(586, '3001211102', 126, '2019-03-07'),
(587, '3001211102', 126, '2019-03-07'),
(588, '3001211102', 126, '2019-03-07'),
(589, '3001211102', 126, '2019-03-07'),
(590, '3001211102', 126, '2019-03-07'),
(591, '3001211102', 126, '2019-03-07'),
(592, '3001211102', 126, '2019-03-07'),
(593, '3001211102', 126, '2019-03-07'),
(594, '3001211102', 126, '2019-03-07'),
(595, '3001211102', 126, '2019-03-07'),
(596, '3001211102', 126, '2019-03-07'),
(597, '3001211102', 126, '2019-03-07'),
(598, '3001211102', 126, '2019-03-07'),
(599, '3001211102', 126, '2019-03-07'),
(600, '3001211102', 126, '2019-03-07'),
(601, '3001211102', 126, '2019-03-07'),
(602, '3001211102', 126, '2019-03-07'),
(603, '3001211102', 126, '2019-03-07'),
(604, '3001211102', 126, '2019-03-07'),
(605, '3001211102', 126, '2019-03-07'),
(606, '3001211102', 126, '2019-03-07'),
(607, '3001211102', 126, '2019-03-07'),
(608, '3001211102', 126, '2019-03-07'),
(609, '3001211102', 126, '2019-03-07'),
(610, '3001211102', 126, '2019-03-07'),
(611, '12345678910', 53, '2019-03-12');

--
-- Indexes for dumped tables
--

--
-- Indexes for table `MedicalRecords`
--
ALTER TABLE `MedicalRecords`
  ADD UNIQUE KEY `NHSNumber` (`NHSNumber`);

--
-- Indexes for table `Patient`
--
ALTER TABLE `Patient`
  ADD PRIMARY KEY (`NHSNumber`),
  ADD UNIQUE KEY `NHSNumber` (`NHSNumber`);

--
-- Indexes for table `Results`
--
ALTER TABLE `Results`
  ADD PRIMARY KEY (`resultID`);

--
-- AUTO_INCREMENT for dumped tables
--

--
-- AUTO_INCREMENT for table `Results`
--
ALTER TABLE `Results`
  MODIFY `resultID` int(11) NOT NULL AUTO_INCREMENT, AUTO_INCREMENT=612;COMMIT;

/*!40101 SET CHARACTER_SET_CLIENT=@OLD_CHARACTER_SET_CLIENT */;
/*!40101 SET CHARACTER_SET_RESULTS=@OLD_CHARACTER_SET_RESULTS */;
/*!40101 SET COLLATION_CONNECTION=@OLD_COLLATION_CONNECTION */;
